{
  "dto": {
    "pageInfoDto": {
      "pageNum": 0,
      "pageLength": 0,
      "sort": false,
      "sortField": "",
      "sortingType": ""
    },
    "conditionDto": [],
    "pagingResultDto": {
      "totalNum": 8,
      "totalPage": 1,
      "currentPage": 1,
      "count": 0
    },
    "count": 0,
    "MetaDto": [
      {
        "pageInfoDto": {
          "pageNum": 0,
          "pageLength": 0,
          "sort": false,
          "sortField": "",
          "sortingType": ""
        },
        "conditionDto": [],
        "pagingResultDto": {
          "totalNum": 0,
          "totalPage": 0,
          "currentPage": 0,
          "count": 0
        },
        "count": 0,
        "resource_id": "e5814ae80a298e444cbeb41987a1e179",
        "history_id": "",
        "history_type": "",
        "field_type": "double",
        "physical_name": "trx_dt",
        "logical_name": "Transaction Date",
        "resource_group": "gcm",
        "length": "20",
        "array": "",
        "comments": "Tran Date",
        "is_pk": "",
        "is_key": "n",
        "is_index": "",
        "allow_null": "",
        "db_type": "ORACLE",
        "default_value": "SYSDATE",
        "schema": "ORACLE",
        "meta_type": "persistent",
        "table_name": "",
        "column_name": "",
        "masking": "unuse",
        "masking_range": "",
        "encrypt": "unuse",
        "decimal_size": "",
        "seq": "7",
        "create_time": "2023-05-04 15:44:28",
        "update_time": "2023-05-04 15:44:28",
        "creator": "admin",
        "modifier": "admin",
        "is_use": "y"
      },
      {
        "pageInfoDto": {
          "pageNum": 0,
          "pageLength": 0,
          "sort": false,
          "sortField": "",
          "sortingType": ""
        },
        "conditionDto": [],
        "pagingResultDto": {
          "totalNum": 0,
          "totalPage": 0,
          "currentPage": 0,
          "count": 0
        },
        "count": 0,
        "resource_id": "e59474330a298e4426ea10ef6dec7f32",
        "history_id": "",
        "history_type": "",
        "field_type": "int",
        "physical_name": "test1",
        "logical_name": "test1",
        "resource_group": "test12",
        "length": "10",
        "array": "",
        "comments": "test11",
        "is_pk": "",
        "is_key": "n",
        "is_index": "",
        "allow_null": "",
        "db_type": "",
        "default_value": "",
        "schema": "",
        "meta_type": "non-persistent",
        "table_name": "",
        "column_name": "",
        "masking": "unuse",
        "masking_range": "",
        "encrypt": "unuse",
        "decimal_size": "",
        "seq": "8",
        "create_time": "2023-05-04 16:05:24",
        "update_time": "2023-05-04 16:06:18",
        "creator": "admin",
        "modifier": "admin",
        "is_use": "y"
      },
      {
        "pageInfoDto": {
          "pageNum": 0,
          "pageLength": 0,
          "sort": false,
          "sortField": "",
          "sortingType": ""
        },
        "conditionDto": [],
        "pagingResultDto": {
          "totalNum": 0,
          "totalPage": 0,
          "currentPage": 0,
          "count": 0
        },
        "count": 0,
        "resource_id": "e5a466110a298e44445f43417b0a20dc",
        "history_id": "",
        "history_type": "",
        "field_type": "char",
        "physical_name": "sss",
        "logical_name": "asdfasd",
        "resource_group": "asdfads",
        "length": "33",
        "array": "",
        "comments": "sdfasdf",
        "is_pk": "",
        "is_key": "n",
        "is_index": "",
        "allow_null": "",
        "db_type": "",
        "default_value": "asdfasdf",
        "schema": "",
        "meta_type": "non-persistent",
        "table_name": "",
        "column_name": "",
        "masking": "unuse",
        "masking_range": "",
        "encrypt": "unuse",
        "decimal_size": "",
        "seq": "9",
        "create_time": "2023-05-04 16:22:49",
        "update_time": "2023-05-04 16:22:49",
        "creator": "admin",
        "modifier": "admin",
        "is_use": "y"
      },
      {
        "pageInfoDto": {
          "pageNum": 0,
          "pageLength": 0,
          "sort": false,
          "sortField": "",
          "sortingType": ""
        },
        "conditionDto": [],
        "pagingResultDto": {
          "totalNum": 0,
          "totalPage": 0,
          "currentPage": 0,
          "count": 0
        },
        "count": 0,
        "resource_id": "d88ba53d0a298e4416ec453717d0d36b",
        "history_id": "",
        "history_type": "",
        "field_type": "char",
        "physical_name": "metamong",
        "logical_name": "meta_lg",
        "resource_group": "meta_rs",
        "length": "2000",
        "array": "",
        "comments": "comment",
        "is_pk": "",
        "is_key": "n",
        "is_index": "",
        "allow_null": "",
        "db_type": "",
        "default_value": "",
        "schema": "",
        "meta_type": "non-persistent",
        "table_name": "",
        "column_name": "",
        "masking": "unuse",
        "masking_range": "",
        "encrypt": "unuse",
        "decimal_size": "",
        "seq": "3",
        "create_time": "2023-03-13 10:17:55",
        "update_time": "2023-03-13 10:17:55",
        "creator": "admin",
        "modifier": "admin",
        "is_use": "y"
      },
      {
        "pageInfoDto": {
          "pageNum": 0,
          "pageLength": 0,
          "sort": false,
          "sortField": "",
          "sortingType": ""
        },
        "conditionDto": [],
        "pagingResultDto": {
          "totalNum": 0,
          "totalPage": 0,
          "currentPage": 0,
          "count": 0
        },
        "count": 0,
        "resource_id": "d96ce5590a298e445cbce175513a924f",
        "history_id": "",
        "history_type": "",
        "field_type": "char",
        "physical_name": "metamong",
        "logical_name": "meta_lg",
        "resource_group": "meta_rs",
        "length": "2000",
        "array": "",
        "comments": "comment",
        "is_pk": "",
        "is_key": "n",
        "is_index": "",
        "allow_null": "",
        "db_type": "",
        "default_value": "",
        "schema": "",
        "meta_type": "non-persistent",
        "table_name": "",
        "column_name": "",
        "masking": "unuse",
        "masking_range": "",
        "encrypt": "unuse",
        "decimal_size": "",
        "seq": "4",
        "create_time": "2023-03-13 14:23:57",
        "update_time": "2023-03-13 14:23:57",
        "creator": "admin",
        "modifier": "admin",
        "is_use": "y"
      },
      {
        "pageInfoDto": {
          "pageNum": 0,
          "pageLength": 0,
          "sort": false,
          "sortField": "",
          "sortingType": ""
        },
        "conditionDto": [],
        "pagingResultDto": {
          "totalNum": 0,
          "totalPage": 0,
          "currentPage": 0,
          "count": 0
        },
        "count": 0,
        "resource_id": "ca0437870a298e441573bd24b4e7b986",
        "history_id": "",
        "history_type": "",
        "field_type": "String",
        "physical_name": "ename",
        "logical_name": "ename",
        "resource_group": "ename",
        "length": "10",
        "array": "",
        "comments": "ename",
        "is_pk": "",
        "is_key": "n",
        "is_index": "",
        "allow_null": "",
        "db_type": "",
        "default_value": "",
        "schema": "",
        "meta_type": "non-persistent",
        "table_name": "",
        "column_name": "",
        "masking": "unuse",
        "masking_range": "",
        "encrypt": "unuse",
        "decimal_size": "",
        "seq": "2",
        "create_time": "2023-03-10 14:35:19",
        "update_time": "2023-03-15 14:36:30",
        "creator": "admin",
        "modifier": "admin",
        "is_use": "y"
      },
      {
        "pageInfoDto": {
          "pageNum": 0,
          "pageLength": 0,
          "sort": false,
          "sortField": "",
          "sortingType": ""
        },
        "conditionDto": [],
        "pagingResultDto": {
          "totalNum": 0,
          "totalPage": 0,
          "currentPage": 0,
          "count": 0
        },
        "count": 0,
        "resource_id": "ca040ad60a298e442d9f01b48d17f40b",
        "history_id": "",
        "history_type": "",
        "field_type": "int",
        "physical_name": "empno",
        "logical_name": "empno",
        "resource_group": "empno",
        "length": "10",
        "array": "",
        "comments": "empno",
        "is_pk": "",
        "is_key": "n",
        "is_index": "",
        "allow_null": "",
        "db_type": "",
        "default_value": "",
        "schema": "",
        "meta_type": "non-persistent",
        "table_name": "",
        "column_name": "",
        "masking": "unuse",
        "masking_range": "",
        "encrypt": "unuse",
        "decimal_size": "",
        "seq": "1",
        "create_time": "2023-03-10 14:35:07",
        "update_time": "2023-03-10 14:35:07",
        "creator": "admin",
        "modifier": "admin",
        "is_use": "y"
      },
      {
        "pageInfoDto": {
          "pageNum": 0,
          "pageLength": 0,
          "sort": false,
          "sortField": "",
          "sortingType": ""
        },
        "conditionDto": [],
        "pagingResultDto": {
          "totalNum": 0,
          "totalPage": 0,
          "currentPage": 0,
          "count": 0
        },
        "count": 0,
        "resource_id": "45a4f1740a298e441615af8c338ecb4f",
        "history_id": "",
        "history_type": "",
        "field_type": "char",
        "physical_name": "Hwnnm",
        "logical_name": "이름",
        "resource_group": "SG",
        "length": "100",
        "array": "",
        "comments": "이름",
        "is_pk": "",
        "is_key": "n",
        "is_index": "",
        "allow_null": "",
        "db_type": "",
        "default_value": "",
        "schema": "",
        "meta_type": "non-persistent",
        "table_name": "",
        "column_name": "",
        "masking": "unuse",
        "masking_range": "",
        "encrypt": "unuse",
        "decimal_size": "",
        "seq": "5",
        "create_time": "2023-04-03 14:44:10",
        "update_time": "2023-04-03 14:44:10",
        "creator": "admin",
        "modifier": "admin",
        "is_use": "y"
      }
    ]
  },
  "header": {
    "service": null,
    "inputMsgType": null,
    "outputMsgType": null,
    "transferKey": null,
    "fileBaseDirectory": null,
    "files": [],
    "responseCode": "NON-0200",
    "responseMsg": null,
    "responseMsgDetails": null,
    "length": 0,
    "guid": null,
    "tenantId": null
  }
}
