{
  "header": {
    "service": null,
    "inputMsgType": null,
    "outputMsgType": null,
    "transferKey": null,
    "fileBaseDirectory": null,
    "files": [],
    "responseCode": "NON-0200",
    "responseMsg": null,
    "responseMsgDetails": null,
    "length": 0,
    "guid": null,
    "tenantId": null
  },
  "dto": {
    "NodeDto": [
      {
        "node_id": "ca0726f809bae66f33fb36c12a3596fc",
        "node_type": "TEST",
        "node_name": "DevServer",
        "node_ip": "101.101.209.11",
        "node_file_port": "14445",
        "node_tcp_port": "16777",
        "node_path": "",
        "node_admin": "admin",
        "node_http_port": "14000",
        "node_is_ssl": "FALSE",
        "description": ""
      },
      {
        "node_id": "ca07c83e5f27fb5c5e3506d93c04517d",
        "node_type": "MASTER",
        "node_name": "Master",
        "node_ip": "118.67.132.38",
        "node_file_port": "25445",
        "node_tcp_port": "27777",
        "node_path": "",
        "node_admin": "admin",
        "node_http_port": "24000",
        "node_is_ssl": "FALSE",
        "description": ""
      }
    ]
  }
}
